month,language,article_views,project_views,article_views_per_million_project_views
2024-09,uk,4687,74509285,62.904911783813255
2024-10,uk,1776,83014264,21.393913701385102
2024-11,uk,1746,83835060,20.826608819746774
2024-12,uk,1634,84431475,19.35297233644207
2025-01,uk,1558,94111809,16.554776882463283
2025-02,uk,1296,81951788,15.814176012852826
2025-03,uk,1068,79609260,13.415524776891532
2025-04,uk,1019,72146878,14.123965280937036
2025-05,uk,789,69040303,11.428107434580639
2025-06,uk,361,53652676,6.728462155363881
2025-07,uk,305,62209478,4.902789893205663
2025-08,uk,375,61801817,6.067782764380536
2025-09,uk,1642,61256706,26.805228475719865
2025-10,uk,635,66044662,9.614705878879356
2025-11,uk,557,67137685,8.296383767179343
2025-12,uk,622,55497356,11.207741139956289
2026-01,uk,449,60471976,7.424926878526344
2026-02,uk,425,51614348,8.234144505709923
2026-03,uk,410,55114806,7.439017384911052
2026-04,uk,405,53385280,7.586360884498498
2026-05,uk,600,55950057,10.723849664710798
2026-06,uk,281,48312008,5.816359361424182
2026-07,uk,322,52999047,6.075580943936596
2026-08,uk,360,50720483,7.09772420739763
2024-09,cs,1158,62292789,18.589631618516872
2024-10,cs,963,70881496,13.586056366530412
2024-11,cs,903,68852170,13.115055052004896
2024-12,cs,847,70360761,12.037959623546424
2025-01,cs,1064,83396601,12.758313735112537
2025-02,cs,995,69753016,14.26461617086206
2025-03,cs,797,74887886,10.64257575651154
2025-04,cs,670,67010206,9.998476948421857
2025-05,cs,753,73630159,10.226787640102748
2025-06,cs,488,56271438,8.672250387487876
2025-07,cs,292,61159851,4.7743739598057555
2025-08,cs,353,57515129,6.137515574380438
2025-09,cs,610,57306454,10.644525309487829
2025-10,cs,545,66546281,8.18978899812598
2025-11,cs,606,72883460,8.314643679100856
2025-12,cs,563,59967317,9.388447377093758
2026-01,cs,589,67410000,8.737576027295654
2026-02,cs,466,58306397,7.992261981133906
2026-03,cs,527,58040192,9.079914828675964
2026-04,cs,540,54688383,9.874126283821557
2026-05,cs,535,59792880,8.947553621769012
2026-06,cs,412,53683305,7.674639257027859
2026-07,cs,462,53131065,8.69547787156158
2026-08,cs,333,51467770,6.470068549696247
